{"schemaVersion":"1.0","appDefinitionTemplate":{"id":"/providers/Microsoft.PowerApps/apps/","type":"Microsoft.PowerApps/apps","tags":{"primaryDeviceWidth":"1864","primaryDeviceHeight":"30","supportsPortrait":"false","supportsLandscape":"true","primaryFormFactor":"Tablet","publisherVersion":"3.23051.23","minimumRequiredApiVersion":"2.2.0","hasComponent":"true","hasUnlockedComponent":"true","isUnifiedRootApp":"false","sienaVersion":"20230524T192230Z-3.23051.23.0"},"properties":{"appVersion":"2023-05-24T19:22:30Z","lifeCycleId":"Published","createdByClientVersion":{"major":3,"minor":23051,"build":23,"revision":0,"majorRevision":0,"minorRevision":0},"minClientVersion":{"major":3,"minor":23051,"build":23,"revision":0,"majorRevision":0,"minorRevision":0},"backgroundColor":"rgba(0, 176, 240, 1)","backgroundImageUri":"/10791059443895722606/N7df2bebc-a054-4118-834d-3750a69fda0f-logoSmallFile","displayName":"Software Status Tracker","description":"A simple app for viewing information about Software deployed by the 561 NOS. Editing funtionality for technicians will be coming soon.","commitMessage":"","appUris":{"documentUri":{"value":"/10791059443895722606/N170effc0-a136-4083-8798-11c70d6efbfe-document.msapp"},"imageUris":[],"additionalUris":[]},"createdTime":"0001-01-01T00:00:00Z","lastModifiedTime":"0001-01-01T00:00:00Z","sharedGroupsCount":0,"sharedUsersCount":0,"connectionReferences":{"6170a9b4-176b-4368-a257-d77e7fcf11bf":{"id":"9e18e209-3e8d-4326-b3f4-3fab1f74bf27","displayName":"SharePoint","iconUri":"https://connectoricons-prod.azureedge.net/releases/v1.0.1627/1.0.1627.3238/sharepointonline/icon.png","dataSources":["Software Status Tracker","Software Tracker Admins"],"dependencies":[],"dependents":[],"parameterHints":{},"parameterHintsV2":{},"isOnPremiseConnection":false,"bypassConsent":false,"dataSets":{"https://usaf.dps.mil/teams/13225/Patching":{"dataSources":{"Software Status Tracker":{"tableName":"f4a58fc8-e9ba-4c71-8e24-e21ac29116b1"},"Software Tracker Admins":{"tableName":"28063493-0710-460b-92bc-de62c85c3aed"}}}},"apiTier":"Standard","isCustomApiConnection":false,"actions":["providers/PowerPlatform.Governance/Operations/Read"]},"7b76037e-4e20-4399-af67-e5c11fa4218e":{"id":"241f6e16-f408-4f40-af27-ceb72c5e5156","displayName":"Office 365 Users","iconUri":"https://connectoricons-prod.azureedge.net/releases/v1.0.1626/1.0.1626.3238/office365users/icon.png","dataSources":["Office365Users"],"dependencies":[],"dependents":[],"parameterHints":{},"parameterHintsV2":{},"isOnPremiseConnection":false,"bypassConsent":false,"dataSets":{},"apiTier":"Standard","isCustomApiConnection":false},"260a11f4-241e-4fe2-b2a8-2afba1e49946":{"id":"3293ea36-094a-489b-b0d8-ae03403743ea","displayName":"Office 365 Outlook","iconUri":"https://connectoricons-prod.azureedge.net/releases/v1.0.1626/1.0.1626.3238/office365/icon.png","dataSources":["Office365Outlook"],"dependencies":[],"dependents":[],"parameterHints":{},"parameterHintsV2":{},"isOnPremiseConnection":false,"bypassConsent":false,"dataSets":{},"apiTier":"Standard","isCustomApiConnection":false,"actions":["CalendarGetTables","GetEventsCalendarViewV2"]}},"databaseReferences":{},"almMode":"Environment","performanceOptimizationEnabled":true,"canConsumeAppPass":true,"enableModernRuntimeMode":false,"executionRestrictions":{"isTeamsOnly":false,"dataLossPreventionEvaluationResult":{"status":"Compliant","lastEvaluationDate":"2022-10-28T19:34:34.5306363Z","violations":[],"violationsByPolicy":[],"violationErrorMessage":"The app uses the following connectors: ."}}},"appType":"ClassicCanvasApp","appComponents":[]}}